sentence,label,GPT3_response
"She leaped toward Jasper even as she screamed , "" Shoot him , Cale ! ""
",PAST, The tense of the sentence is present.
"You wash all of our laundry .
",PRES, The sentence is in the present tense.
""" The sand yacht . ""
",PRES, This sentence is in the present tense.
"A look of question pops on his face .
",PRES, The tense of the sentence is present.
""" Beauty fades , but dumb is forever , "" Scarlet countered .
",PAST, This sentence is in the present tense.
"The word ' forever ' lingered in my mind .
",PAST, The word ' forever ' lingered in my mind is in the past tense.
"Simon tugged on the chain .
",PAST, The sentence is in the past tense.
""" It helps you fight off an attack , and it 's truly remarkable , but I don 't want you to do it right now .
",PRES, The sentence is in the present tense.
"I prayed to God that the principal be ' on leave ' that day .
",PAST, The tense of the sentence is past.
"You just assume all outcomes will be in your favor .
",PRES," The tense of the sentence ""You just assume all outcomes will be in your favor"" is present tense."
"-- Amir Ahmed CHAPTER ONE : THE SANTA "" Over there ! ""
",PRES, The sentence is in the present tense.
"Water sloshed over the rim , drenching the front of my red devil costume .
",PAST," The tense of the sentence ""Water sloshed over the rim , drenching the front of my red devil costume . "" is past tense."
"Its fist smashed the rocky ground in a synchronized wave , rattling the surroundings .
",PAST, The sentence is in the present tense.
"Clay hired him on the spot for $ 75,000 a year .
",PAST, The sentence is in the simple past tense.
""" Oh no , "" exclaimed Sam .
",PAST, past
"Small , blond , curvy .
",PRES, The sentence is in the present tense.
"I flick my tongue across his swollen head .
",PRES, The sentence is in present tense.
""" This baby is a Hightower , dear , "" Beth countered .
",PAST, The tense of the sentence is past tense.
"He massaged one tantalizing breast , enjoying the way her skin flushed under his gentle caress .
",PAST, This sentence is written in the present tense.
""" Not repulsive . ""
",PRES, The sentence is in the present tense.
"She donned her boy shorts and long-sleeve Henley before returning to her room .
",PAST, The sentence is in the past tense.
"As if she truly didn 't care whether or not someone loved her , as long as he at least pretended to .
",PAST," As if she truly didn't care whether or not someone loved her, as long as he at least pretended to."
"Her mouth freezes open halfway as the brown wooden door finally slides open and a man walks out .
",PRES, The sentence is in the present tense.
"He unzipped the outer pocket and extracted the small case that carried Deuce 's extra set of contacts .
",PAST, The sentence is in the past tense.
"Emily clutched her arms around herself .
",PAST, The tense of the sentence is present simple.
""" I 'm going to be more honest with you right now , Jess , than I 've ever been with anyone in my life .
",PRES, The sentence is in the present tense.
"It falls to the sand in a pile of plastic and string .
",PRES," The tense of the sentence ""It falls to the sand in a pile of plastic and string"" is present tense."
"The sun rises and sets on that kid . ""
",PRES," The tense of the sentence ""The sun rises and sets on that kid ."" is present tense."
"Oil Wrestlers Gone Wild . ""
",PRES, This sentence is in the present tense.
""" She belongs to the family , and we belong to her .
",PRES, The tense of the sentence is present tense.
"Her gaze falls on Kai .
",PRES," The tense of the sentence ""Her gaze falls on Kai."" is present tense."
"He stops , and looks back at me .
",PRES, The sentence is in the present tense.
""" Then I apologize ! ""
",PRES, The tension of the sentence is past simple.
"I crawled on the floor to the windows .
",PAST, The tense of the sentence is past tense.
""" Madeleine , "" he rasped out .
",PAST, The sentence is in the past tense.
"Joe stiffened , suddenly on alert .
",PRES, The sentence is in the past tense.
"I crave it for myself and my child , but it feels so unattainable . ""
",PRES," The tense of the sentence ""I crave it for myself and my child , but it feels so unattainable . "" is present tense."
"He moaned something indecipherable in his sleep , tucking his face into my neck .
",PAST, The sentence is in the past tense.
"I bounced back when I ran into a girl the size thrice as me .
",PAST, The sentence is in present perfect tense.
""" It 's her , "" Skyla whispers .
",PRES," The tense of the sentence """" It 's her , "" Skyla whispers ."" is present tense ."
""" Oh , honey , it 's beautiful , "" her mother exclaimed .
",PAST, The mother's exclamation is in the present tense.
"the thin old man drawled insultingly .
",PAST, The sentence is in the present tense.
"My fist hovers in front of the door .
",PRES," The tense of ""My fist hovers in front of the door"" is present tense."
"You and that brat .
",PRES, You and that brat are going to drive me crazy.
"Adel sees that Nora has made up her mind .
",PRES, The tense of the sentence is present.
"The afflicted exhaled and it was over .
",PAST, The sentence is in past tense.
"fake Mira commanded , pointing at Jace .
",PAST, The sentence is in the past tense.
"But he nods , resolute with this plan .
",PRES, The sentence is in present tense.
""" He stole the money from the evidence room .
",PAST, The tense of this sentence is past simple.
"He chuckles then pats my shoulders as if to say my back is now free of dirt .
",PRES, The tense of the sentence is present perfect.
"At the second station he ceased to exist . ""
",PAST, The sentence is in the past tense.
"But his eyes glowed with obvious pride and satisfaction as he looked at his three daughters .
",PAST, The tense of the sentence is past.
""" You out sightseeing , or are you looking for something ? ""
",PRES, The tense of the sentence is present tense.
"For the first time in his life , Timothy wishes he were shorter .
",PRES, The sentence is in the present tense.
"A recording of a soft female voice announced the name of the next station .
",PAST, The tense of the sentence is past tense.
"She reaches high , so high , followed in every movement by the strings as if they are at her command .
",PRES, The tense of the sentence is past tense.
"And he brings a friend named Reynaldo .
",PRES, The tense of this sentence is present tense.
"She likes your dress . ""
",PRES," The tense of the sentence ""She likes your dress."" is present tense."
"Dad snaps his head up .
",PRES, The sentence is in the present tense.
"Exiting with two other gentlemen she did not recognize , the angel in disguise accompanied the men inside the squat Kondo with its curving double roof .
",PAST, This sentence is in the past tense.
"Not a speck of dust blanketed the exposed woodwork .
",PAST, The sentence is in the present tense.
"He opens the door , his right hand automatically reaching for the pull switch hanging from the ceiling and the room lights up .
",PRES, The tense of the sentence is present.
"He sniffed the wind .
",PAST, This sentence is in the present tense.
"Kai clears his throat , and both maidens look over at him .
",PRES, present tense
"By our laws , you acted within your rights .
",PAST, This sentence is in the past tense.
""" But , Crawlers , "" I insist .
",PRES, The tense of the sentence is present tense.
"I exhaled a quick laugh .
",PAST, The sentence is in the present tense.
"He eyed the rivers of sweat snaking their way down his body .
",PAST, The tense of this sentence is past tense.
"Those words pound in my head as my feet slap the pavement .
",PRES, The sentence is in the present tense.
"In playful terror , the animal fled , and took refuge under his bed .
",PAST," The tense of the sentence ""In playful terror, the animal fled, and took refuge under his bed."" is past tense."
"I blushed and looked down at my feet .
",PAST, The tense of the sentence is past tense.
"Good ... The word bounced around the fragmented edges of Peter 's completely blown mind , not finding any relevant echo to what he was feeling .
",PAST, The tense of the sentence is present perfect.
"An electric silence vibrated between them , arcing and spitting tension .
",PAST, The sentence is in the present tense.
"They either home schooled their kids , sent them to the public institutions their community operated on very rare occasions , or sent them to private schools .
",PAST, This sentence is in the past tense.
"She fed sensuously , her body undulating against his , her buttocks pressing against him , the friction an enticement , a temptation .
",PRES, The tense of the sentence is present perfect.
"Cooper chuckles and grabs my wrist , stopping me .
",PRES, The sentence is in the present tense.
"Someone clears their throat , and we both look toward Lennox , and most of the vigilantes who are watching us with curious expressions on their faces .
",PRES, The tense of this sentence is present tense.
"He installed a telephone in his office for Lara 's calls .
",PAST, The sentence is in the past tense.
"In other words , dramatic license strikes again !
",PRES," The tense of the sentence ""In other words, dramatic license strikes again!"" is present perfect."
"When it was her son 's turn to wrestle , she cheered him on and clapped the loudest in the crowd when he won .
",PAST, This sentence is in the past tense.
"He lies down on the bed with me and I bury my face into his chest .
",PRES, The sentence is in the present tense.
""" Thanks , "" she mumbled under her breath .
",PRES, The sentence is in the present tense.
""" Hey , you lookin ' for a date ? ""
",PAST, The sentence is in the present tense.
"Charlotte chided him and reached for my hand .
",PAST, The sentence is in the past tense.
"Emma falls down into an endless darkness .
",PRES," The tense of the sentence ""Emma falls down into an endless darkness."" is present tense."
"The police dog 's tail wagged vigorously as he escorted them to the waiting car .
",PAST, The sentence is in the past tense.
"The deck of cards emerged and we started the now familiar routine .
",PAST, The sentence is written in past tense.
""" No flying cups , reports or fists . ""
",PRES, The tense of the sentence is simple present tense.
"The upstairs hall light shone down the steps .
",PRES, The upstairs hall light shines down the steps.
"While her heroines often wield a sword , they equally value the skilled use of their intelligence , wisdom , courage , and compassion .
",PRES, The tense of the sentence is present.
"So we created the school to find at-risk students and keep them under a watchful eye . ""
",PAST, The sentence is in the past tense.
"His eyes fastened on mine as his mouth lingered above me .
",PAST, The sentence is in the present tense.
"He nods his head .
",PRES," The tense of the sentence ""He nods his head"" is present tense."
"They proceeded directly toward the site , following the overhead laser beams .
",PAST, The sentence is in the present tense.
"Eric returned with a stack of newspaper , matches to light the fire , the makings for s 'm ores , and a patio chair cushion .
",PRES, The sentence is in the past tense.
""" Mr. Gray . ""
",PRES," The tense of the sentence ""Mr. Gray"" is unknown."
"He invites me out of obligation , but I can 't go to him and his new wife .
",PRES, The sentence is in the present tense.
""" Ma , Simon loves the water and knows it better than any of us .
",PRES, The sentence is in the present tense.
""" Except when you don 't , "" Allegra persisted .
",PAST, The tense of the sentence is present tense.
"Here we are , Grandma announced , activating the left blinker and turning into the parking lot of King of the Road Auto Repair .
",PAST, The sentence is in the present tense.
"This whole mess with the police affects me and the baby . ""
",PRES, The sentence is in the present tense.
"A small silver disc holds the date we pledged our love for each other .
",PRES, The sentence is in the past tense.
"The lights of the Riverview Inn glowed in the distance .
",PAST, The lights of the Riverview Inn glowed in the distance.
"The dew soaked through his shirt .
",PAST, The sentence is in the past tense.
"His hand slides out of mine as he says , "" Sorry . ""
",PRES, This is written in the past tense.
"The flash bewildered her .
",PRES, The sentence is in the past tense.
"I paid the driver , and then as carefully as I could , maneuvered her out of the cab .
",PAST, Past tense
"She trusted Byron where she might not have any other .
",PAST, The tense of the sentence is past perfect.
"The wolf padded out the door .
",PRES," The tense of the sentence ""The wolf padded out the door."" is present tense."
"Black Mist only uses them to clear the way for their own purposes . ""
",PRES," The tense of the sentence ""Black Mist only uses them to clear the way for their own purposes"" is present tense."
"I clasped a hand over my mouth , stifling the gasp that rose in my throat .
",PAST, The sentence is in the past tense.
"We need to get as many people off this rock as possible , "" he responds .
",PRES, This sentence is in the present tense.
"He wonders how quickly this vast and total deprivation will drive him crazy .
",PRES, The suspense of the sentence is in the future tense.
"I know you want to watch something macho like American Chopper or LA Ink , "" I joked .
",PAST," The tense of the sentence ""I know you want to watch something macho like American Chopper or LA Ink, "" I joked. is present tense."
""" I learnt to play the role expected of me .
",PAST, Past tense
"You dreamed this voice . ""
",PAST," The tense of the sentence ""You dreamed this voice."" is Past Tense."
"Faded spades shone on the brick storefront of Greensleeves Tobacco Emporium .
",PRES, The tense of this sentence is present tense.
"She talks too much , Max interrupted inside my head , his irritation evident .
",PRES, The tense of the sentence is past tense.
"Morley eyed her with a bit of a frown .
",PAST, This sentence is in the present tense.
""" What manner of curse permits you to master stone without being a gargoyle ? ""
",PRES, This sentence is in the present tense.
"She remembered that cool detachment from their youth , the icy ruthlessness that had lured women and reckless gamblers alike .
",PRES, The sentence is in the past tense.
"Gregori 's silver eyes dwelt on her slender figure .
",PRES, present
"When I lift my eyes to look at him , my heart falls to my feet .
",PRES, The sentence is in the past tense.
"The captain squared his shoulders .
",PAST, This is a tough question.
"Despite my early feeling regarding him , reason returns .
",PRES, The sentence is in the present tense.
""" Her fianc√© . ""
",PRES,"

The tense of the sentence is unclear."
"The three of you represent three options , or he can do whatever the fuck he wants with it .
",PRES, The sentence is in the present tense.
"He loves the seclusion of this island .
",PRES, The tense of this sentence is present tense.
"He strokes a hand down the back of my head .
",PRES, The tense of the sentence is present tense.
"Mom sighs loudly and we all look at her .
",PRES, Present tense.
"He primarily sells his paintings in his own gallery on the Sunset Strip , nestled between all the famous nightclubs .
",PRES, The sentence is written in present tense.
"He stops pacing and turns toward me .
",PRES," The tense of the sentence ""He stops pacing and turns toward me ."" is present tense."
"He mutters , pushing us along .
",PRES, The sentence is in the present tense.
"I lean over to pick it up between the moving legs and feet .
",PRES, The tense of this sentence is present tense.
"His warm breath tickled her cheek .
",PAST, present
""" Can you describe it ? ""
",PRES, The sentence is in the present tense.
"Shaking her head , she scooted to the opposite side of the mattress .
",PAST, The tense of the sentence is present simple.
"the gas tank exploded .
",PAST, The gas tank exploded is in the simple past tense.
""" An evil light shone in the Queen 's eye .
",PRES, The sentence is in the past tense.
"Claude eyed me for a long moment , then nodded .
",PAST, The tense of the sentence is past.
"I rotated my left foot around in a circular motion .
",PAST, The sentence is in the present tense.
""" But Sire -- all your work ... "" "" Counts for naught now . ""
",PRES, The sentence is in the present tense.
"Her body moving restlessly , she inched toward him until she was rubbing against him , her body plastered against his entire front .
",PAST, the tense of the sentence is present
"Her smile shone across her face . '
",PRES, This sentence is in the present tense.
""" That Doug and I were making out or something . ""
",PRES, The tense of this sentence is the past tense.
"Kylie 's phone beeped , announcing she had messages .
",PAST, The tense is present.
""" Holy fuck . ""
",PRES, This sentence is in the present tense.
"A signal to all other creatures , to stay away or be killed .
",PRES," The tense of the sentence ""A signal to all other creatures , to stay away or be killed ."" is present tense."
"Violetta reaches out with her energy at the same time I reach out with mine .
",PRES," The tense of the sentence ""Violetta reaches out with her energy at the same time I reach out with mine."" is present tense."
"I scramble towards him , duck down and crawl under his bed .
",PRES, The tense of the sentence is present.
""" He loves you too much . ""
",PRES, Present simple
"This earned him a respect from the rough Vikings that all his knowledge could not .
",PAST," The tense of the sentence ""This earned him a respect from the rough Vikings that all his knowledge could not"" is past tense."
"Well , I lied . ""
",PAST, This sentence is in the present tense.
"Realm looks defeated , and finally nods .
",PAST, The sentence is in the present tense.
"A look around the foyer revealed narrow corridors , clean but rather unremarkable .
",PAST, Present Simple
"The heavy rain that pelted their foil dimmed what little light seeped through the single uncovered port .
",PAST, Past
""" That way madness lies .
",PRES," The tense of the sentence """" That way madness lies .
"" is present tense."
"Raffaele winces as the sword digs into the flesh of his neck .
",PRES, The sentence is in the present tense.
""" Make it quick Wallace and don 't say anything about where you are . ""
",PRES, The sentence is in the present tense.
"First , that she was pregnant , unmarried and destined to become the most scandalous member of her notorious family .
",PRES, The tense of the sentence is present perfect.
"And then , stone by stone , it illuminated the great shrine until it passed through the flying arches at its feet .
",PAST," The tense of the sentence ""And then , stone by stone , it illuminated the great shrine until it passed through the flying arches at its feet ."" is past tense."
"His eyes roamed my face .
",PAST," The tense of the sentence ""His eyes roamed my face"" is present tense."
"Michael collected her and held her and she sank , crying , against his chest .
",PAST, The sentence is in the past tense.
"She swore she could feel his hunger , feel his inner need to touch her .
",PAST, The sentence is in the past tense.
"She sped up , leaping over a bent piece of metal , then dodging a piece of burning timber .
",PAST, The sentence is written in the past tense.
"She falls to the floor .
",PRES, This sentence is in the present tense.
"Brigid visited twice before the wedding , stressed and anxious .
",PAST, The sentence appears to be in the past tense.
"Are you alright ? ""
",PAST, The sentence is in the present tense.
"Kaspar yanked me to his side , hugging me close but I hardly noticed .
",PAST," The tense of ""Kaspar yanked me to his side, hugging me close but I hardly noticed."" is past tense."
"She yanked her eyes open .
",PAST, The sentence is in the past tense.
"She feared that their mission in La Salle was ending .
",PAST, The sentence is in the simple present tense.
""" And a set of prints we don 't have on record .
",PRES, The tense of the sentence is present tense.
"Wood floors , walls the color of fog and a narrow table boasting a cobalt vase stuffed with roses and hydrangeas greeted her .
",PAST, The tense of this sentence is present tense.
"She straightened her spine .
",PAST, The sentence is in the past tense.
""" You don 't like this dress , after all , "" she teased .
",PRES, The sentence is in the present tense.
"All the projects there undergo strict ethical reviews of course .
",PRES, present perfect
"He strikes at the First Lord now ? ""
",PRES," The tense of the sentence ""He strikes at the First Lord now?"" is present tense."
"I clutched her hand and refused to let it go .
",PAST, The sentence is in the present tense.
"I scratch and claw , throw my knees at him , but nothing works .
",PRES, present tense
"Anne experienced a type of paralysis that seemed to freeze not only her body , but time itself .
",PAST, The tense of this sentence is past tense.
"Purity achieved , Arjuna negotiated yet another safe spot for his tee shot to land .
",PAST, The sentence is in the past tense.
""" You won 't get through to me , either , "" Ashe rumbled .
",PAST, This sentence is in the present tense.
"He adjusted the bandages covering the stitches on his right arm .
",PAST, He adjusted the bandages covering the stitches on his right arm.
"She brings her scooper down to the table and looks at me , obviously disappointed .
",PRES, Present
"The continued visits where he had all but ignored her , treated her with a coldness he had not felt but which had nevertheless been necessary .
",PAST, The sentence is in the past tense.
"The figure dove on its knees beside her .
",PAST, The sentence is in the present tense.
""" Her soul merely sleeps . ""
",PRES, Future
"The woman moves toward me but I do not have the strength to move or even pick up my arms to push her away .
",PRES, The sentence is in the present tense.
"During that journey back to Cambridge , what had seemed like fullness , hollowed out .
",PAST, The tense of the sentence is past.
"Warm awareness seeped in and tingled through her body .
",PAST," The tense of the sentence ""Warm awareness seeped in and tingled through her body"" is present tense."
""" Everybody loves a winner ! ""
",PRES, The sentence is in the present tense.
""" Run in place on the platforms , "" April advised .
",PAST, The sentence is in the present tense.
"Staring down at her hands , she pretended to be engrossed by her nails .
",PAST, The tense of the sentence is past simple.
""" She likes you ? ""
",PRES," The tense of the sentence ""She likes you"" is present simple."
""" And I would not want you to , "" he assured her gently , and she raised her eyes to meet his gaze .
",PAST, The tense of the sentence is past.
"Peter stormed over to him and demanded the film from his camera .
",PAST," The sentence ""Peter stormed over to him and demanded the film from his camera."" is in the past tense."
"I slap the top of the barrel and squeeze the pin in one fluid motion .
",PRES, The tense of the sentence is present tense.
"I exhale then frown with disappointment .
",PRES, The sentence is in the present tense.
"All the sly hints she 'd dropped that she was in Ashland to pay back her old friends and anyone else who 'd ever supposedly wronged her .
",PRES, The tense of the sentence is past.
"He just loves all your writings , and I seen him reading through them over and over every night .
",PRES, This sentence is in the present tense.
"His thumb circled and teased one of her nipples until it was hard and begging for his mouth .
",PAST, The sentence is in the present tense.
"She eyed him suspiciously .
",PAST," The tense of the sentence ""She eyed him suspiciously"" is present tense."
""" Tell me what that was , "" Shannon begged .
",PRES, The tense of the sentence is past.
""" Line cutter ! ""
",PRES, This sentence is in the present tense.
"A few people even bowed as they passed .
",PAST, The tense of this sentence is present perfect.
"Parker and Faye stood up from behind the table when Savannah said , "" Ouch "" "" Savannah ? ""
",PRES, The sentence is in the past tense.
"Silence engulfed the salon .
",PAST, The sentence is in the past tense.
""" Helping ye to undress , son . ""
",PRES," The tense of the sentence ""Helping ye to undress, son."" is present tense."
"She joked , ' People will think you 're tax inspectors , or maybe Vernon 's pools ? '
",PAST," The tense of the sentence ""She joked, 'People will think you're tax inspectors, or maybe Vernon's pools?' "" is present tense."
"They sound a little far fetched today - now that everything in our world is explained by science and mathematics .
",PAST, The tense of the sentence is present perfect.
"The pedestal blocked a gunshot aimed at the girls .
",PAST, present tense
"The dogs suddenly quieted again .
",PAST, The sentence is in the past tense.
"Tessa tensed all over .
",PAST, The sentence is in the present tense.
"Upstream from everyone , the Wanderer arose from the river .
",PAST," The tense of the sentence ""Upstream from everyone, the Wanderer arose from the river."" is present tense."
"My eyes widen as I taste myself on his lips and he pushes his tongue inside me with abandon .
",PRES, The tense of the sentence is present tense.
"Desperate cries wrought the air , ' Ye canna do this ?
",PAST, The tense of the sentence is past.
""" You 've got to be kidding , "" Mary slapped her playfully .
",PAST, The tense of the sentence is past.
""" How cliche , little partner .
",PAST," The sentence ""How cliche, little partner."" is in the present tense."
"Bowing his head , he prayed to get his patience back .
",PAST, The sentence is in the past tense.
""" I think he might know of a cure , "" Aiden points out .
",PRES," The tense of the sentence ""I think he might know of a cure, "" Aiden points out. "" is present tense."
"Brooke just shrugs again .
",PRES," The tense of the sentence ""Brooke just shrugs again .
"" is present tense."
"The smell of burnt flesh violated the air as Emilio 's hand was ruthlessly burned .
",PAST, The sentence is in the past tense.
"I fold my arms across my stomach .
",PRES, The sentence is in the present tense.
""" Your doctor , "" he gritted out .
",PAST," The tense of the sentence """" Your doctor , "" he gritted out . "" is present tense."
"We attempted to carry her into the cabin , but as soon as she had quitted the fresh air she fainted .
",PAST, Past
"He dared not hope she could ever learn to love him again , learn to trust him again .
",PAST, The sentence is in the past tense.
"I pretended to mull it over .
",PAST, The sentence is in the past tense.
"Callie lets go of my waist .
",PRES, present tense
"Maddie stowed her precious gift on the floor and hugged her back .
",PAST, The tense of this sentence is past.
""" Were you eavesdropping on us ? ""
",PRES," The tense of the sentence ""Were you eavesdropping on us?"" is past tense."
"I swing around a jogger stretching near a tree .
",PRES, The tense of this sentence is present.
"Adam sighs , rolls his eyes dramatically .
",PRES, The sentence is in the present tense.
"In his rush to pick up the ball , he loses control of it and it bounces away .
",PRES, The tense of this sentence is past tense.
""" Sal -- "" "" Help me . ""
",PRES, The tense of the sentence is unknown.
"I wipe the sweat from my forehead .
",PRES, The sentence is in the present tense.
""" So they threaten to show the tape to the righteous Reverend Hammond .
",PRES, The sentence is in the present tense.
"Jolie reaches out for Pat 's mobile .
",PRES," The tense of the sentence ""Jolie reaches out for Pat's mobile."" is present tense."
"Trees as tall as a man arose around him , before the wall .
",PAST, The sentence is in the past tense.
"Fear lanced through her so sharply and completely that she felt a sudden tingling in every part of her body .
",PAST, The sentence is in the past tense.
""" Very , "" she breathes out .
",PRES, The sentence is in past tense.
"Fin flicked his hand in the direction of a long pole and set fire to the box with wires stretching from it .
",PAST, Present tense.
"He clasped his palms together and stared at me like he had at the car earlier ; he gazed right through me .
",PAST, The tense of the sentence is past tense.
"She fisted her hands and battered me weakly , her nails drawing thin trails of blood .
",PRES," The tense of the sentence ""She fisted her hands and battered me weakly , her nails drawing thin trails of blood ."" is present tense."
"She flicked through images and videos , seeing within the suit 's files all that Daniel had said but still she was doubtful .
",PAST, present
"He recognizes me immediately and his face drains of color .
",PRES, The sentence is in the past tense.
"She lied to me , so I 'm hurt .
",PAST, The sentence is in past tense.
""" Rachel , this is my friend , Abby .
",PRES, The tense of the sentence is present tense.
"I just never dreamed they would do something like confront you in a bathroom .
",PAST, The sentence is in the past tense.
""" And you Coach . ""
",PRES, The sentence is in the present tense.
"She winks at him and then comes back out with ... "" "" Soup laced with the hottest hot sauce you 've ever tasted ? ""
",PRES, The sentence is in the present tense.
"A bed and a good meal await us there . ""
",PRES, The sentence is in the present tense.
"Archie urged Samuel on to stay .
",PAST, The sentence is in the present tense.
"No use , it snaps under the weight of my body .
",PRES," The tense of the sentence ""No use , it snaps under the weight of my body ."" is present tense."
"Meeting his eyes , I add in a quiet voice , "" It hurts me . ""
",PRES,"The tense of the sentence ""Meeting his eyes , I add in a quiet voice , "" It hurts me . "" is present tense."
"Easily sensing his pleasure , Shay teasingly circled the nipple until it hardened in reaction .
",PAST, The sentence is in the past tense.
"He drops his eyes to my lips where his thumb is still stroking them .
",PRES, The sentence is in the present tense.
""" Almost as if something is physically surrounding you .
",PRES, The sentence is in the present tense.
"No , no , no , she begged .
",PRES," The tense of the sentence ""No , no , no , she begged ."" is present tense."
"As soon as she gets the last one , I spring upright and scramble over to where Alex is lying on the floor .
",PRES, The sentence is written in past tense.
""" You know exactly what we mean , "" Deb chimed in .
",PAST, The sentence is in the present tense.
""" It is time , "" a man announced .
",PAST," The tense of the sentence ""It is time, a man announced"" is present tense."
"Toni thanked the doctor as he walked out the door to finish his rounds .
",PAST,"

The tense of the sentence ""Toni thanked the doctor as he walked out the door to finish his rounds"" is present tense."
""" I want it to work ; therefore it will , "" he stated firmly .
",PAST, The tense of the sentence is Simple Present.
""" Officially they chalked it up to an interrupted burglary , but as I recall there were a lot of rumors going around .
",PAST, This sentence is in the past tense.
"Narrowing his eyes on the book , Nick slapped at his back pockets to see if the book in Grim 's hand was a duplicate .
",PAST, The sentence is in the present tense.
""" Late seventeenth century . ""
",PRES, The sentence is in the present tense.
"Of course , everyone 's dressed in the Tudor style , with puffed up , layered sleeves .
",PAST, The sentence is in the present tense.
"Trevor collected their coats and waited patiently while she ran around making sure everything was cleared away properly and that nothing was left undone .
",PAST," The tense of the sentence ""Trevor collected their coats and waited patiently while she ran around making sure everything was cleared away properly and that nothing was left undone."" is past tense."
""" Never trusted either one of those shuck traitors . ""
",PAST, This sentence is in the past tense.
"With practiced skill , she adjusted the flame .
",PAST, This sentence is written in the present tense.
"The bright lights seared my eyes for all of a minute , but by then my escorts had shut the door on the cell .
",PAST, The tense of the sentence is present perfect.
""" Ralph Lauren ? ""
",PRES," The tense of the sentence ""Ralph Lauren?"" is unknown."
"She deposited it on the side table with a frown .
",PAST," The tense of the sentence ""She deposited it on the side table with a frown"" is present tense."
""" Eggs cost twice as much without the household ration coupon , "" Kowalski countered .
",PAST, The sentence is in the present tense.
"The ship rumbles , and I feel the pilot working with the thrusters to bring us off the ground .
",PRES, Present tense.
"But Jared 's attention never strayed .
",PAST, The sentence is in the present tense.
"I asked skeptically , my heart still pounding in my chest .
",PRES, The sentence is in past tense.
"Skyla glances past my shoulder before meeting my gaze .
",PRES, The tense of the sentence is past tense.
"He stretches and stands up , putting his hands on my waist and hoisting me up .
",PRES, The tense of the sentence is present tense.
"A lone warrior , grizzled with age , and carrying his spear with its head downward in token of peace , advanced from the main horde .
",PAST," The tense of the sentence ""A lone warrior, grizzled with age, and carrying his spear with its head downward in token of peace, advanced from the main horde."" is past tense."
""" I suspect they "" ve been delayed by matters of great importance . ""
",PRES, This sentence is in the present perfect tense.
"Then he withdrew it and left her hand enclosing nothing and he said , "" Remember the Hard Ones , Dua .
",PAST, The sentence is in the past tense.
"They patted themselves , checking pockets , sleeves , pant legs , as they made sure the weapons they had were secured .
",PAST, The tense of the sentence is present tense.
"He motioned her toward the elevator and scanned his security card .
",PAST, The sentence is in present tense.
"He pinched her cl * t again then slowly moved his fingers back into her cunt .
",PAST, This sentence is in the present tense.
"When my fingers roll over my clit , my head falls back on his shoulder , my mouth finds his , and then I explode .
",PRES, present
"He flicked her clitoris with his stiffened tongue and she lifted to his mouth , seeking more .
",PAST, The tense of the sentence is past.
""" And what borders the Pacific Ocean ? ""
",PRES, The tense of the sentence is present simple tense.
"Pearl 's voice floated out , "" What was that you said about never seeing another Flamingo Sweet ? ""
",PAST, The sentence is in the past tense.
"Everyone escaped , fortunately , but the inn was a loss .
",PAST, The tense of the sentence is past tense.
"the man exclaimed in a Northern accent .
",PAST," The tense of the sentence ""the man exclaimed in a Northern accent"" is present tense."
"' Knowing him , he blames himself ! '
",PRES, The sentence uses the present simple tense.
""" She told me to wait , so I did , "" the girl whispers .
",PRES, The tense of this sentence is past tense.
"He stops short and turns to face me .
",PRES, The tense of this sentence is present tense.
""" That phrase applies to so many things at the moment that I 'm not sure which you 're referring to in particular . ""
",PRES, There is no specific tense for the sentence.
"Damon sat very stil and watched her go , his eyes hooded .
",PAST, The tense of this sentence is simple past.
"Low and musical , it slides against my skin , stirring the energy just behind my lungs that makes me what I am .
",PRES, The sentence is in the present tense.
""" Plane crash . ""
",PRES, The sentence is in the present tense.
"She flinches from the sharpness in my tone but continues to smile .
",PRES," The tense of the sentence ""She flinches from the sharpness in my tone but continues to smile"" is present tense."
"So I slowed down , leaning forward over my handlebars , trying to see the ground far ahead .
",PAST, The sentence is in the simple past tense.
"When they 're still a hundred yards away , Marcus stops and hovers .
",PRES, Future
"Pearls adorned the style , matching the beading in her gown .
",PAST, The tense of the sentence is past tense.
"Tentatively due Summer 2014 .
",PRES, The sentence is in the present tense.
"We saluted to those who 'd gathered to see us off , then faced down the tunnels and set off .
",PAST, The sentence is in the past tense.
"Ted proved himself a sweet , understanding and sensitive man .
",PAST," The tense of the sentence is ""proved."""
""" The daddy rule still applies .
",PRES, The sentence is in the present tense.
""" Might I ask your name , honored sir ? ""
",PRES, The tense of the sentence is conditional.
"He feared knowing about the people his father called commoners .
",PAST," The tense of the sentence ""He feared knowing about the people his father called commoners."" is simple past."
"The irritation in Shane 's gut exploded into all-out anger and he couldn 't figure out why .
",PAST, The sentence is in the past tense.
""" That he screwed up .
",PRES," The tense of the sentence """" That he screwed up . """" is in the past tense."
"Her dark eyes shone in her rosy face and her lips told of much laughter and mirth .
",PRES, The sentence is in the past tense.
"Familiar pain popped every vertebra into place , skin stretched and feathers retreated .
",PAST, The sentence is written in past tense.
"Even in the twilight they glowed azure , heavy with hunger and satisfaction .
",PAST," The tense of the sentence ""Even in the twilight they glowed azure , heavy with hunger and satisfaction ."" is past tense."
"CHAPTER TWENTY LET THEM FLY When we returned , dusty and victorious , to the House , Ethan thanked me with steak and chocolate .
",PAST, The sentence is in the past tense.
"The world outside calmed as his breathing slowed .
",PAST, The sentence is in the past tense.
"She crawled through twenty feet of narrow rusting steel that left a bitter metallic taste in her mouth , each time she inhaled .
",PAST, The tense of the sentence is past tense.
""" But that doesn 't keep me from wanting to go out and do something because I want to , "" I mumbled .
",PRES, The tense of the sentence is present.
"I described Shannon in vivid detail , and I also told him I was working on making her my girlfriend .
",PAST, The tense of the sentence is present perfect.
"Zane tipped his head to one side and shrugged , then gripped the hem of his shirt .
",PAST, The tense of this sentence is present tense.
"The knowledge that she so readily responded to his merest touch only deepened the scowl marring her brow .
",PAST, The tense of the sentence is past tense.
"Pleased as punch to meet you . ""
",PRES," The tense of the sentence ""Pleased as punch to meet you."" is present."
""" You stubborn little minx . ""
",PRES, The tense is present.
""" This is a fine mess , "" she mumbled .
",PRES, Present tense
""" Then she lied to me !
",PAST," The tense of the sentence ""Then she lied to me !"" is past tense."
"I silently thanked Rosetta for making me up for the evening , even if I did feel funny about the contrast in our clothing .
",PAST," The tense of the sentence ""I silently thanked Rosetta for making me up for the evening , even if I did feel funny about the contrast in our clothing ."" is past tense."
"Takeo plunged into the grass once again .
",PAST, The sentence is in the present tense.
"She retracted her head back .
",PAST, The sentence is in the simple past tense.
"Silence falls on the room .
",PRES," The verb ""falls"" is in the present tense, so the sentence is in the present tense."
"The back door opens directly into a large kitchen with a fireplace .
",PRES, The sentence is written in present tense.
"They required too much trust , and trust was something she didn 't have anymore .
",PAST, The sentence is in the past tense.
"Anita quickly snuck a look at me , and winked .
",PRES, The sentence is in the past tense.
"My head falls nearly to my chest as I realize that I am brown bread .
",PRES, The sentence is in the present tense.
""" Absolutely outstanding , "" Auron cheered .
",PAST, The tense of this sentence is past tense.
"He tipped his glass at a woman standing about twenty feet away from us , one of the most breathtaking women I 'd ever seen .
",PAST, The sentence is in the past tense.
""" Then lets see it in action ! ""
",PRES, This sentence is in the present tense.
""" Well , you didn 't grow up with mine , "" Candace countered .
",PAST, The tense of this sentence is past tense.
"Chapter 26 Everyone froze .
",PAST, Everyone froze is present tense.
"Ella 's newly dyed hair shone .
",PRES, The sentence is in the present tense.
""" You 're not making sense , lass .
",PRES, The sentence is in the present tense.
""" Tut , tut , mon general .
",PRES,"

The sentence is in the present tense."
"Pain erupts through my arm and I can 't breathe .
",PRES, The sentence is in the present tense.
"In a few seconds , the prisoner bodies shrank and shriveled up .
",PAST," The tense of the sentence ""In a few seconds , the prisoner bodies shrank and shriveled up ."" is past tense."
"That changes everything then , doesn 't it , "" Aquitaine murmured , his tone dry .
",PRES," The tense of the sentence ""That changes everything then, doesn't it,"" Aquitaine murmured, his tone dry. is past tense."
"He freed my bangs from behind my ear , spilling dark curls into my eyes before sweeping it back with his fingertips .
",PAST, The tense of the sentence is present tense.
"How to get blood without kil ing the donor . ""
",PRES," The tense of the sentence ""How to get blood without kil ing the donor . "" is present tense."
"It always pays to follow the money . ""
",PRES, The sentence is in the present tense.
""" Jesus , "" Gabe breathes .
",PRES, The sentence is in present tense.
"Several voices chimed in .
",PAST, past tense
"Helen shivered , knowing Philip didn 't stand a chance .
",PAST, The sentence is in the past tense.
"I dove back into the cab and yelled at Samuel , "" He 's got a rifle !
",PAST,"

The sentence is in the present tense."
"She cinched the bag tight and handed it to Spencer .
",PAST, The sentence is in the past tense.
"She reaches out and buttons the top two buttons of my shirt .
",PRES," The tense of the sentence ""She reaches out and buttons the top two buttons of my shirt."" is present tense."
"I forgave her with a reluctant smile .
",PRES," The tense of the sentence ""I forgave her with a reluctant smile."" is past tense."
"Nose to the ground , Kane padded off , following the edge of the plateau .
",PRES, This sentence is in the past tense.
"I sensed that his interest came from his own disappointment at not being on Charlotte 's Guard .
",PAST, This sentence is in the past tense.
"Over the next twenty minutes , she removes three of the cigar boxes from under the bed and takes them to her car .
",PRES," The tense of the sentence ""Over the next twenty minutes , she removes three of the cigar boxes from under the bed and takes them to her car ."" is present perfect."
"I assume she 's naming the plant for me , having rightly discerned my interest .
",PRES, The sentence is in the present tense.
"Valerie gasps and sighs with relief .
",PRES, Valerie gasped and sighed with relief.
"She falls sick on the third day .
",PRES, The sentence is in the simple past tense.
""" The cord begins the bond , Max .
",PRES, The sentence is in the present tense.
"I dropped my chin to see the wistful smile on her face , her fingertips playing with mine .
",PRES," The tense of the sentence ""I dropped my chin to see the wistful smile on her face , her emails playing with mine ."" is present perfect."
""" I can 't right now , "" I blurt .
",PRES, The tense of this sentence is present tense.
"Finally she crawled over to me and lay her head in my lap .
",PAST, The tense of this sentence is past tense.
"Ben collected a coat and a piece of chicken before following Matthew outside to the rain-soaked rear of the house .
",PAST, The sentence is in the past tense.
"He reaches up to tip his hat toward her , ignoring her comment , making his way over to me .
",PRES, The sentence is in the present tense.
"Bran stares at the blood on Lorcan 's chest , head cocked sideways , not sure what to make of it .
",PAST, present tense
"I frown , a little disappointed as I back toward the water .
",PRES, The tense of the sentence is present perfect.
"Ryland sees someone coming towards us in the smoke .
",PRES, The sentence is in the present tense.
"To the east lies the country from which we emigrated many generations ago .
",PRES, To the east lies the country from which we emigrated many generations ago. This sentence is in the present tense.
"The lapels were a dark gray color , the shirt underneath matched the lapels and his tie matched the suit that perfectly matched his eyes .
",PAST, The sentence is in the past tense.
"Pendleton scratched Maury behind his ears , and the puppy yawned with much gusto .
",PAST, The sentence is in the past tense.
"Said Astrid in a tone of voice that Sarah had often heard from her Nan and it was one with which you did not argue .
",PAST, The tense of the sentence is past tense.
"Bobby sits across from me .
",PRES," The tense of the sentence ""Bobby sits across from me."" is present tense."
"Closer examination revealed two small scars , mere nicks , really , just under each breast .
",PAST, The tense of this sentence is revealed.
""" Wow , "" she snickered , finally looking like a kid .
",PAST, The sentence is in the present tense.
"That guy ... the Old One ... he grabbed me , and -- "" "" Rafael ?
",PRES, Past tense.
"I scratch her back and she scratches mine . ""
",PRES," The tense of the sentence ""I scratch her back and she scratches mine."" is present tense."
"Then he brightened up .
",PAST, Then he brightened up is in the past tense.
"She shuffled through the pages that had some numbers till she reached the part about Cooper Industries ' plan for restoring Lake Blue Leaf .
",PAST, This sentence is in the past tense.
""" You 're a nasty , horrible , dopey man , "" piped up a frightened voice somewhere behind me .
",PAST, Present
""" Go ahead and get ready , "" I urged as I sat down .
",PAST, The tense of this sentence is present tense.
"She squared her shoulders and started down the hall .
",PAST, The sentence is in the present tense.
"Ryan asked , nerves jumbled together inside him .
",PAST, The tense of the sentence is past tense.
"Near him , a woman collapsed onto the ground , sobbing and spitting hysterical , unintelligible words that no one was listening to .
",PAST," Near him, a woman collapsed onto the ground, sobbing and spitting hysterical, unintelligible words that no one was listening to."
"Her presence lingered in the cabin for a few seconds and when he gathered his jacket from the floor ; he could smell her on it .
",PAST, The sentence is in the past tense.
"So quietly , she withdrew , leaving the poor woman to contemplate her own problems .
",PAST, The tense of the sentence is simple past.
"In most cases they dumped him rather than vice versa .
",PAST, The sentence is in the past tense.
"Jackson , Austin and Jessie tensed up .
",PAST, The sentence is in the past tense.
"She slowly withdrew her hand from his , her cheeks turning a delicate shade of pink .
",PAST, The tense of the sentence is past tense.
""" Or , rather , knocking him unconscious . ""
",PRES, This sentence is in the past tense.
""" Having one of those nights , sweetheart ? ""
",PRES, The sentence is in the present tense.
"I recall your words clearly : ' What we need is a place to get away , a safe place . ' ""
",PRES, The tense of the sentence is past tense.
""" Good "" I stated .
",PAST, The tense of this sentence is present tense.
"First he braved the stairs again , trudging up to his former office .
",PAST, The sentence is in the past tense.
"As we walk to the parking lot Sean clears his throat .
",PRES, Past tense
"A book or two , newspapers , snacks . ""
",PRES, The sentence is in the present tense.
"he whispers , and starts to walk away .
",PRES," The tense of the sentence ""he whispers , and starts to walk away ."" is present tense."
"Every window reflected cyan blue as the protective ring sprawled outwards .
",PAST, Present simple
""" Rhett Madison . ""
",PRES, The sentence is in the present tense.
"But they feed on something huge .
",PRES, Present tense.
"Ria leans wearily against my shoulder ; I feel her hair tickle my ear .
",PRES, The tense of the sentence is present tense.
""" She blames you for reopening my wound when I found you in the woods and brought you here . ""
",PRES, The tense of this sentence is past tense.
"So don 't tempt me . ""
",PRES, The sentence is in the present tense.
""" Good thing you 're not drinking then , eh ? ""
",PRES, This sentence is in the present tense.
"A strangely familiar voice quotes a famous line from a movie I no longer remember the name to .
",PRES, This sentence is in the present tense.
""" Tell me what you like , Cassie , "" he rasped , teasing her nipple with the tip of his tongue .
",PAST, The sentence is in the present tense.
""" It bothers me when it 's done for the reason it was offered . ""
",PRES," The tense of the sentence ""It bothers me when it's done for the reason it was offered."" is present tense."
"Varg let out another amused rumble .
",PRES, The sentence is written in past tense.
"Two other women rode to the edge of the clearing .
",PAST," The tense of the sentence ""Two other women rode to the edge of the clearing ."" is in the past tense."
"Immediately , the pair froze .
",PAST," The tense of the sentence ""Immediately , the pair froze ."" is present tense."
"The triangle zipped in a circle .
",PAST, The sentence is in the present tense.
"Power exploded out of me .
",PAST, This sentence is in the past tense.
"It washed over me with warmth , and things I didn 't want to remember .
",PAST, The sentence is in the past tense.
"When he stroked my knuckles with his thumb , I experienced a tingling sensation in the depths of my being and knew everything was about to change .
",PAST, The sentence is in the past tense.
"He placed one palm against the wall , effectively caging her in , his body language blatant , possessive , deliberately easy to read .
",PRES," The tense of ""He placed one palm against the wall"" is Simple Past. The tense of ""effectively caging her in"" is Present Perfect. The tense of ""his body language blatant"" is Present Simple. The tense of ""poss"
"A handful of men were on duty , stationed at each floor currently occupied by a prisoner , but not on the stairs themselves .
",PAST, The tense of the sentence is past tense.
"He dove for me and I braced myself for the stab but it never came .
",PAST," The tense of the sentence ""He dove for me and I braced myself for the stab but it never came"" is past tense."
"The law remains my friend , and evil still persists in flouting every one we good people set . ""
",PRES, The sentence is in the present tense.
"I assume they questioned everyone . ""
",PRES, The sentence is in the present tense.
"Kate haughtily sniffed , probably figuring Hanna didn 't know who Ophelia was .
",PAST, The sentence is in the past tense.
"I 'm exhausted , "" I yawned in reply and sat down lazily on the edge of my full-sized bed .
",PAST, The sentence is in the present tense.
"Gwen pinched her lips together .
",PAST, The sentence is in the past tense.
"Play the field , sample the riches available , then settle down .
",PRES," The sentence is in the imperative mood, meaning that it is giving a command. The command is to ""play the field,"" meaning to date around and not settle down with one person."
""" I 'll stall him , "" Sage crackled in .
",PAST, The sentence is in the future tense.
""" It 's weird , that 's all I 'm saying , "" she hissed in reply .
",PAST, The tense of the sentence is present tense.
"Love concentrated on the traffic .
",PAST," The tense of the sentence ""Love concentrated on the traffic."" is present tense."
""" My King , I demand that you listen ! ""
",PRES, The sentence is in the present tense.
"He trusted and respected St. Denis deeply , but he was a man that wanted to know and see things for himself .
",PAST," The tense of the sentence ""He trusted and respected St. Denis deeply , but he was a man that wanted to know and see things for himself .
"" is past tense."
""" Here we are , "" the cabbie stated with complete indifference .
",PAST, The sentence is in the present tense.
"' Perhaps , Detective Love , but for one thing . '
",PRES, This sentence is in the present tense.
""" That damn name carries a ton of baggage with it .
",PRES, The sentence is in the present tense.
"In the years to come , newly elected world leaders dispatched rescue ships , loaded with supplies , to come to their aid .
",PAST," In the sentence ""In the years to come , newly elected world leaders dispatched rescue ships , loaded with supplies , to come to their aid ."", the tense is future."
"The scent reassured her .
",PAST, The tense of this sentence is present simple.
"Cole disarmed Edward and is beating him .
",PAST, The sentence is in the present tense.
"Max sits comfortably in the chair across from Mr. Burke 's desk , then considers his posture and sits up straight .
",PRES, The tense of the sentence is present.
"When Adel enters the Starbucks , he sees Nora at the counter ordering a coffee .
",PRES, The tense of the sentence is present.
"She jabbed her finger at him as he stilled his progress and stared at her .
",PAST, The sentence is in the past tense.
"Rick winked at her .
",PAST, The sentence is in the past tense.
"I fished around in my purse for a few seconds until I found my cell .
",PAST, The sentence is in the simple past tense.
"More and more , her routine reduced itself to play ... rewind ... play ... rewind .
",PAST," The tense of the sentence ""More and more , her routine reduced itself to play ... rewind ... play ... rewind ."" is present tense."
"They all piled back into the van and were dropped off at the dorm .
",PAST, present tense
"She contented herself by holing up in a guest room and prepping some spells that would be of use in the search for Alicia tomorrow .
",PRES, This sentence is in the present tense.
"I 've had more visitors through my window since I met you than I have my whole life , "" she teased quietly .
",PRES," The sentence has two tenses - the past perfect (""I've had more visitors"") and the present perfect (""I have my whole life"")."
""" Don 't go , Jess . ""
",PRES," This is actually two sentences. The first is imperative (""don't go""), and the second is present tense (""Jess"")."
"Reyes withdrew a package of turkey and a package of ham , looked from one to the other , then shrugged .
",PAST," The tense of the sentence ""Reyes withdrew a package of turkey and a package of ham , looked from one to the other , then shrugged ."" is past tense."
"He slowly tugged at the waistband of my skirt as if I 'd stop him .
",PAST, The tense of this sentence is the past tense.
"Robbie stares at the photo of Christa McAuliffe smiling with her mission helmet alongside her back-up crew member and an American Flag .
",PRES, Present tense
""" You survived . ""
",PAST, simple past
"That changes when I see a man in a business suit headed straight for me .
",PRES, The sentence is in the present tense.
"He reaches out to ruffle Link 's hair , but Link steps to the side .
",PRES, The tense of the sentence is present tense.
"When he touched her arm , she flung herself away from him .
",PAST, The sentence is in the past tense.
"Patch sat in a chair in the corner , his chin propped on his fist .
",PAST," The tense of the sentence ""Patch sat in a chair in the corner , his chin propped on his fist ."" is simple past."
"Edward winced , but smoothed his expression with a little effort .
",PAST," The tense of the sentence ""Edward winced , but smoothed his expression with a little effort ."" is present tense."
"She trembled from the dark threat , but her body begged him for more , to show her everything he had and not hold back .
",PAST," The tense of the sentence ""She trembled from the dark threat , but her body begged him for more , to show her everything he had and not hold back ."" is present."
"Neither of us likes Steven and if you 've got some dirt on him , it would really help my investigation . ""
",PRES, The tense of the sentence is present tense.
"He likes to set a scene . ""
",PRES," The verb ""like"" is in the present tense, so ""set"" must also be in the present tense."
""" So ... moving on , huh ? ""
",PRES,"

The tense of the sentence ""So ... moving on , huh ?"" is present tense."
"He stiffened at the reference to his eyes .
",PAST, The tense of the sentence is present tense.
"Eric 's grip slackened in shock .
",PAST, present
"Julie regarded her with undisguised skepticism .
",PAST," The tense of the sentence ""Julie regarded her with undisguised skepticism."" is simple present."
"Never fearful , always on guard .
",PRES," The tense of the sentence ""Never fearful , always on guard . "" is present tense."
"As the entire bridge gave way he utilized the only option he had left .
",PAST, The sentence is in the past tense.
"I denied it vehemently , "" But may I know why you ask ? ""
",PAST," The tense of the sentence ""I denied it vehemently, ""But may I know why you ask?"" is present perfect."
"I bellowed in my best law enforcement voice .
",PAST, The tense of the sentence is present tense.
""" I think that 's the coast road , "" Rachel announced .
",PAST, The sentence is in the present tense.
"She grabs her purse and meets him at the door .
",PRES," The tense of the sentence ""She grabs her purse and meets him at the door . "" is present tense."
"And just like the good friend that he is , he catches on .
",PRES, The sentence is in the present tense.
"Elena eyed his offering doubtfully .
",PAST," The tense of the sentence ""Elena eyed his offering doubtfully"" is present tense."
"He kicks the cup out of the way and steps closer to me , restraining a grin as he pats me on the back .
",PRES, Past tense
""" Calling me a name I detest and accusing me of madness and lying .
",PRES," The tense of the sentence """" Calling me a name I detest and accusing me of madness and lying .
"" is present perfect."
"I arch my back at the last second so he can sink even deeper inside , moaning at the pulsating sensation .
",PRES, This sentence is in the present tense.
"It brings tears to my eyes ! ""
",PRES," The tense of the sentence ""It brings tears to my eyes!"" is present."
"The three ascend the stairs and arrive at the shut attic room door .
",PAST, The sentence is in the present tense.
"She clutched him , trembling with ecstasy .
",PAST, The sentence is in the past tense.
""" It 's okay , baby , "" he murmurs , sounding really groggy .
",PRES, The sentence is in the present tense.
"I commit myself , and all that I am , to it , until death parts us .
",PRES," The tense of the sentence ""I commit myself , and all that I am , to it , until death parts us ."" is present tense."
"Then she piled sweaters and other folded things from the shelf on top of herself , covering even her head .
",PAST, Present tense
""" This is none of your business , "" Christopher contradicted .
",PAST, The tense in this sentence is the present tense.
"To not be judged , to be , like , admired . ""
",PAST, The sentence is in the infinitive form.
"He flicked and tortured the tiny bud as her hips lifted for satisfaction .
",PAST, The sentence is in the present tense.
"Swinging into the driver 's seat , I gripped the joystick , elevated the truck and it hovered over towards the third shelf .
",PAST, The sentence is in the present tense.
"I tense and frown .
",PRES, The sentence is in the present tense.
""" Help me , "" I shout .
",PRES, The sentence is in the present tense.
"You belong to me . ""
",PRES, The tense of this sentence is present tense.
""" And that sucks , okay .
",PRES, The tense of the sentence is present tense.
"He appears in front of me with agony in his bright eyes and longing in his lips .
",PRES, It appears to be in the present tense.
"Lucia wriggled , eating tortilla strips while Sara cradled the phone to her ear , waiting for the call to go through .
",PAST, The sentence is in the past tense.
"Detective Harrison said , bass voice pitched deep with intensity as he made his point .
",PAST, Present
"A line of people winds out the door .
",PRES, The sentence is in the present tense.
"By 2015 achieve a significant improvement in the lives of at least 100 million slum dwellers .
",PRES, The tense of the sentence is future perfect.
""" Ah , you , poor dreamer , grieving for your lost humanity ; would you not be redeemed ? ""
",PRES, The tense of the sentence is conditional.
"She clamped down on Chastity 's energy as soon as she realized what she 'd said , but Josh 's lust very nearly overpowered her .
",PAST, The tense of the sentence is past tense.
""" Well , um .
",PRES," The tense of the sentence """" Well , um . """" is present tense."
"Finally Lucien opted to help .
",PAST," The tense of the sentence ""Finally Lucien opted to help."" is simple past."
""" Burn to ash every person who tries to climb those stairs ?
",PRES, The tense of the sentence is present tense.
"I rip my mind away from this train of thought before I go too far down it .
",PRES, The tense of this sentence is present tense.
""" So , "" Talon inquired after a moment .
",PAST, The tense of the sentence appears to be present tense.
"Rebels ... "" he spat .
",PRES," The sentence ""Rebels ... "" he spat . is in the past tense."
"She sensed a frenzy of telepathic thought buzzing through the network .
",PAST, The sentence is in the present tense.
"Her hand froze in midair when she realized what she 'd done .
",PAST, The sentence is in the past tense.
